"","X","CHROM","BIN_START","BIN_END","West_vs_East_Fst","West_vs_resident_Fst","East_vs_resident_Fst","migrant_vs_resident_Fst","East_vs_texas_Fst","West_vs_texas_Fst","migrant_pi","resident_pi","West_vs_Florida_FST","East_vs_Florida_FST","Texas_vs_Florida_FST","East_sub_vs_Puerto_Rico_FST","Auto_Allo","Chr_number"
"11923",11922,"DPSCF300114",120001,130000,0.000551095254,0.0143995599196,0.014527746521,0.003060241161,0.010556914184,0.0106681164277,0.0124835139,0.0100751647,0.020902165192,0.021397911057,0.0006164016308,0.00308450856,"A",16
"11912",11911,"DPSCF300114",10001,20000,0.0005799861461,0.0119203890892,0.012018996372,0.002696951748,0.008796061333,0.00893465405,0.0101120859,0.0080130728,0.016694095475,0.016352433666,0.0005620836484,0.0026551653,"A",16
"11925",11924,"DPSCF300114",140001,150000,0.0008551726662,0.013194150245,0.013501369128,0.002601095299,0.010171436822,0.0100825987874,0.0122340661,0.0095143797,0.01853270901,0.017903695355,0.0010809683094,0.0083551103,"A",16
"11930",11929,"DPSCF300114",190001,2e+05,0.0009784732759,0.0082833495912,0.008657478548,0.002323811967,0.0066461118796,0.0064343859231,0.0101593368,0.0067437905,0.013512479429,0.014523631368,0.0012410768584,0.00618177592,"A",16
"9785",9784,"DPSCF300082",780001,790000,0.00135281340629,0.00276903773764,0.002192416189,0.002240493094,0.00163282486,0.0017767075707,0.0108395524,0.0119307155,0.0033431882818,0.002442987955,0.00322936418036,0.0073171464,"A",14
"3565",3564,"DPSCF300022",930001,940000,0.001299047794,0.00264899149664,0.001770624566,0.002140091518,0.001005127711,0.0013717656121,0.0084219715,0.007098691,0.0024326330779,0.002123351224,0.00292309442,0.00427414922,"A",19
"12271",12270,"DPSCF300118",400001,410000,0.001139286269,0.002562240849,0.0018797681974,0.002118960047,0.0010653317129,0.0014491873494,0.0094999933,0.0109117624,0.0028309942121,0.001947839717,0.0022191399489,0.00228239517,"A",3
"1457",1456,"DPSCF300010",450001,460000,0.0014363467781,0.0028256566817,0.002795726065,0.002112562801,0.001919524665,0.0019180206573,0.0139593308,0.0142339858,0.003086512323,0.002223378271,0.00283900208972,0.00849800333,"A",4
"11949",11948,"DPSCF300114",380001,390000,0.000957477729,0.00833070178839,0.008632172607,0.002111606008,0.006704934191,0.0063175299814,0.011238457,0.0087758161,0.0111310412685,0.011789394916,0.0012967168698,0.00419993187,"A",16
"17187",17186,"DPSCF300218",390001,4e+05,0.00094585131386,0.0020746152428,0.001851457446,0.002101303115,0.001204532528,0.0012209560383,0.0088681251,0.0097084948,0.0027610881258,0.002767850343,0.0028275490834,0.0118011354,"A",26
"20550",20549,"DPSCF300322",360001,370000,0.001168274864,0.00912454283,0.010117053955,0.0020841130042,0.0079028900712,0.0069758470579,0.0113648326,0.0084392145,0.0114904311859,0.01429515385,0.001558927565,NA,"A",16
"14629",14628,"DPSCF300163",160001,170000,0.001184048012,0.0026005876586,0.002142934999,0.002079809732,0.0013386297808,0.0014503352016,0.0102274662,0.0108287567,0.002475784647,0.002312398165,0.00236621329716,0.0079322589,"A",24
"11918",11917,"DPSCF300114",70001,80000,0.0005172325105,0.0088103817,0.009084131414,0.00207960749,0.006583034322,0.0065192455207,0.0080351619,0.0061261448,0.0171959301279,0.01677280272,0.0006663015782,0.00189377,"A",16
"2693",2692,"DPSCF300016",660001,670000,0.0010905302737,0.0031141025124,0.0025316197366,0.002073188018,0.001592550326,0.0017579111132,0.0097571355,0.0108633976,0.002722713576,0.00187387035,0.0027953280464,0.00453150925,"A",2
"19641",19640,"DPSCF300286",170001,180000,0.0012601928416,0.0026649935197,0.002084542104,0.00206751893,0.0013543019473,0.0016719003629,0.011140651,0.0124176447,0.0034718162737,0.003033925619,0.0043913390863,NA,"A",22
"1600",1599,"DPSCF300010",1880001,1890000,0.0013870942917,0.0028552662859,0.002273645408,0.002052414358,0.0014550613301,0.001749391088,0.0099571353,0.0106300636,0.003957719495,0.002561531775,0.00324467054566,0.00738273446,"A",4
"11927",11926,"DPSCF300114",160001,170000,0.0012142546981,0.0088171953508,0.009437906631,0.002043137651,0.007327633067,0.0067979486246,0.0113538418,0.0079745082,0.012799144195,0.01388742197,0.00114734974916,0.0129916658,"A",16
"12265",12264,"DPSCF300118",340001,350000,0.00126587143572,0.0028187545257,0.002645179866,0.00203797396,0.0018655591086,0.0016953124164,0.0123868049,0.0145254879,0.0029080830078,0.002194423375,0.0031059709952,0.01238730811,"A",3
"18918",18917,"DPSCF300262",270001,280000,0.00118610648826,0.0025444845795,0.002286120025,0.002028894987,0.00177315017791,0.001694677456,0.0104197728,0.0120679716,0.0028033982558,0.00279124326,0.00280964441076,NA,"A",14
"14716",14715,"DPSCF300165",250001,260000,0.00132822520656,0.0021541413343,0.0016382844548,0.002028119388,0.001168154781,0.0014017318632,0.0110615309,0.0129418278,0.002880211404,0.002346413567,0.0028549562388,0.00793055658,"A",26
"18722",18721,"DPSCF300256",350001,360000,0.0012745240986,0.0024595270746,0.002060344179,0.002027219641,0.0014318061411,0.0015755540213,0.0130098816,0.0150660117,0.0028323942371,0.00228928786,0.002891269484,NA,"A",29
"11937",11936,"DPSCF300114",260001,270000,0.00074711465626,0.0070751826626,0.007235536054,0.00200569277,0.005532275306,0.0054042287121,0.0095966993,0.0058496724,0.009505768655,0.009926893348,0.0011246479925,0.00599718552,"A",16
"11924",11923,"DPSCF300114",130001,140000,0.000739085295,0.006347358709,0.006774848534,0.002000430075,0.0049932417726,0.0046486757944,0.0068780183,0.0051993466,0.014769861977,0.014658190555,0.00086965264,0.00389021879,"A",16
"1128",1127,"DPSCF300008",900001,910000,0.00112779338404,0.002521130271,0.0020444061049,0.001997219145,0.00123108339769,0.0012543667088,0.0092362571,0.0101862723,0.0031083258861,0.002627435364,0.002452142277,0.00369130606,"A",18
"20351",20350,"DPSCF300313",90001,1e+05,0.001096297493,0.0024952971764,0.002033081205,0.001989326006,0.0012838355329,0.0014667187456,0.0107977942,0.0119006514,0.0030700691283,0.002275948626,0.002750587007,NA,"A",17
"5654",5653,"DPSCF300041",90001,1e+05,0.00099563890346,0.0024692574902,0.002007213429,0.001981531185,0.0012478602479,0.0013804563048,0.0087120821,0.0103816964,0.0030142479788,0.00214153908,0.0023561755748,0.00728648748,"A",4
"2669",2668,"DPSCF300016",420001,430000,0.00119332641085,0.00277729979429,0.0025588504064,0.001976829193,0.001496370717,0.0015393753919,0.0099758175,0.0103176459,0.002864163391,0.002290528793,0.0027577912219,0.00516577212,"A",2
"4324",4323,"DPSCF300029",740001,750000,0.00139230524586,0.0027221828342,0.0019721176455,0.001958949835,0.0012729492728,0.0015994206779,0.0103395528,0.0111575147,0.0034548689403,0.002523938418,0.00273669397586,0.00446407005,"A",6
"11926",11925,"DPSCF300114",150001,160000,0.000921463362,0.0086648383998,0.009077995963,0.00194897701,0.007188868492,0.0068001406508,0.0103131826,0.007481045,0.0163888402669,0.017025884399,0.0012860642166,0.012921287,"A",16
"18165",18164,"DPSCF300239",220001,230000,0.0015456837775,0.0026742163195,0.002064708435,0.001945593564,0.001578056367,0.0016935222365,0.0105571351,0.0103307162,0.0030543846135,0.00279162999,0.00303839403672,NA,"A",20
"21578",21577,"DPSCF300371",120001,130000,0.0014497700764,0.0026810131965,0.0018606267577,0.001945354162,0.001407273261,0.0015171109075,0.0103065857,0.0112385591,0.0034776577532,0.002677234687,0.00251044807186,NA,"A",15
"21877",21876,"DPSCF300392",70001,80000,0.001529066088,0.0027366353196,0.002423310447,0.001942273341,0.001693964395,0.0016262295215,0.0128384527,0.0132032661,0.003928443893,0.0035049863295,0.00262959599726,NA,"A",30
"11453",11452,"DPSCF300106",500001,510000,0.0013440668405,0.0029145711088,0.001832419192,0.00193565301,0.0011425235986,0.0015251486761,0.0115988923,0.011854899,0.0034709996277,0.0025687778895,0.0031639850973,0.00407865946,"A",9
"5133",5132,"DPSCF300036",40001,50000,0.001267745505,0.0029616813086,0.002523721378,0.001928983144,0.0016403450006,0.0017946415531,0.0108560363,0.0120359453,0.0024120130488,0.002099359368,0.002305931492,0.0075359162,"A",2
"11648",11647,"DPSCF300109",300001,310000,0.001700838062,0.0029206496301,0.0023528165588,0.001928820276,0.0015596511728,0.0018977441713,0.014151641,0.0150405203,0.0039530548211,0.003082696322,0.0037052348845,0.00674060984,"A",24
"19285",19284,"DPSCF300273",370001,380000,0.0013528583897,0.0027027149872,0.002283553235,0.00191880304,0.0014977950679,0.0017217720884,0.010357136,0.0121836578,0.0029264604071,0.0020892682848,0.00254783567016,NA,"A",2
"12338",12337,"DPSCF300120",20001,30000,0.00113976265834,0.0027003151151,0.002072469181,0.001914991131,0.0012501809724,0.0014663840887,0.0112241668,0.0134751607,0.0027627045364,0.002198043407,0.0025994110669,0.00455697657,"A",2
"17797",17796,"DPSCF300232",100001,110000,0.0009709880447,0.0026475228888,0.002082067687,0.001914844446,0.0012491738316,0.0013903031091,0.0097450482,0.0116986916,0.0023185001275,0.001859680685,0.002159717901,0.0030450524,"A",15
"17606",17605,"DPSCF300228",40001,50000,0.001357402066,0.00258727861079,0.001950844112,0.001911120315,0.001409222005,0.00162023807718,0.0123571342,0.012399343,0.003247260125,0.002382141956,0.00269735993516,0.00605763046,"A",23
"15492",15491,"DPSCF300179",60001,70000,0.0012045606457,0.002676694293,0.001931933614,0.001909766954,0.0012423947639,0.0015209054246,0.0103703231,0.0116300623,0.0025082538708,0.001996834376,0.0022949116284,0.0038230427,"A",23
"2868",2867,"DPSCF300017",1060001,1070000,0.0011885624592,0.0024785717422,0.001926227139,0.001896803711,0.0011732323253,0.0013193792283,0.0098813121,0.0103620891,0.0023991894449,0.002005017106,0.0019806143753,0.00424584761,"A",6
"17808",17807,"DPSCF300232",210001,220000,0.0014894302687,0.0024492462662,0.002317216849,0.001894572396,0.0013921237811,0.0014918138874,0.0107307619,0.0124333304,0.0028606219041,0.002568155407,0.00245727416626,0.0034883929,"A",15
"17801",17800,"DPSCF300232",140001,150000,0.001369035941,0.0025956714145,0.002198628965,0.001879586248,0.0014728398038,0.0014588662188,0.0103977952,0.0120124168,0.003249028424,0.002335104998,0.0026998440675,0.0065882389,"A",15
"12400",12399,"DPSCF300121",130001,140000,0.00134399872024,0.0018579986282,0.001707366133,0.001877649637,0.0011469793544,0.0013278910395,0.0113340583,0.0117875799,0.0040776540801,0.003287887376,0.00358862257312,0.00562596711,"A",22
"2577",2576,"DPSCF300015",800001,810000,0.0010001295371,0.0026852961943,0.002097708478,0.001873924443,0.0013491430533,0.00158186909161,0.0100384548,0.0114470576,0.0031348685877,0.0028138699,0.0026874906389,0.00682388295,"A",9
"23299",23298,"DPSCF300569",10001,20000,0.0015122065221,0.0024004242876,0.0020878988312,0.001871171285,0.0012925360096,0.0014687875826,0.0110241678,0.0124457499,0.0034724090322,0.0031880742736,0.00296120315016,NA,"A",19
"17610",17609,"DPSCF300228",80001,90000,0.00097370039077,0.0026271754674,0.001843637562,0.001869680944,0.001109409953,0.0015335203697,0.0097780148,0.0102555539,0.0024428237102,0.001934000099,0.0020285689677,0.0086521196,"A",23
"3936",3935,"DPSCF300025",530001,540000,0.001319301001,0.00287564331529,0.002204909195,0.001868341514,0.0014687050073,0.0015253694068,0.0102758168,0.0121392138,0.0027861337807,0.001957236409,0.0023951132418,0.00446195952,"A",18
"9808",9807,"DPSCF300082",1010001,1020000,0.0012701405933,0.0025049655012,0.001853861627,0.001868314287,0.001493842672,0.0017108939838,0.0093791142,0.0101176447,0.002973274816,0.001908917711,0.00288549096426,0.00647127881,"A",14
"11946",11945,"DPSCF300114",350001,360000,0.000994029215,0.006563152329,0.006883767493,0.001867934128,0.0052808899131,0.0049679249885,0.0084142818,0.0059973843,0.012338273676,0.012849413082,0.0010895564671,0.00340449557,"A",16
"7339",7338,"DPSCF300055",790001,8e+05,0.0014161491874,0.0015792491674,0.0016945712934,0.001866631217,0.0011565934678,0.00119534096838,0.0116032891,0.0113058823,0.0025284634228,0.001788494341,0.0025266974002,0.00505734875,"A",15
"22258",22257,"DPSCF300420",40001,50000,0.001290609253,0.002553668583,0.002116389124,0.001860900885,0.0014482603372,0.0013881347301,0.0108208724,0.0123718939,0.0026488787385,0.002397306643,0.0028509692888,NA,"A",27
"13362",13361,"DPSCF300138",240001,250000,0.0013693423536,0.0022757086615,0.002004626461,0.001859981721,0.0015446476571,0.0013708918065,0.0108769149,0.0107627428,0.0030780622765,0.002716522652,0.0026198789168,0.0070717773,"A",19
"17422",17421,"DPSCF300223",190001,2e+05,0.001363968696,0.002263954412,0.0019998113864,0.001857207837,0.001297482422,0.0012549973794,0.0084098834,0.0107555527,0.00288366503948,0.001703945282,0.002344550477,0.00628401962,"A",2
"15145",15144,"DPSCF300173",570001,580000,0.0012926991509,0.00283297648829,0.002499760912,0.001857082252,0.001638406986,0.0016244207776,0.0109153766,0.012494115,0.0032958914505,0.0029523813973,0.0028374957125,0.0073296447,"A",15
"21",20,"DPSCF300002",200001,210000,0.0011435642326,0.002570249944,0.001816641036,0.0018563619502,0.0012151261846,0.0015418557855,0.0117769152,0.0119143783,0.0031060136231,0.0022637955737,0.002016919941,0.00872997515,"A",2
"19272",19271,"DPSCF300273",240001,250000,0.00142133877985,0.0024643402306,0.00204555498,0.001855550651,0.0013330724305,0.0013607706387,0.0099505419,0.0108856177,0.0030951855204,0.0024751585418,0.0028421440454,NA,"A",2
"9925",9924,"DPSCF300084",190001,2e+05,0.001262936653,0.00248314297976,0.00194279856,0.001855515153,0.001265895993,0.0013529996816,0.0100505433,0.0108483643,0.002985500373,0.002153516466,0.00255972732316,0.00607185956,"A",12
"14228",14227,"DPSCF300154",120001,130000,0.0009107213439,0.0023999542102,0.001828668591,0.001855468508,0.0011193440608,0.0013602145167,0.0093626299,0.0103065341,0.002295846395,0.001546666864,0.0021565238254,0.0063425905,"A",9
"22890",22889,"DPSCF300485",20001,30000,0.0011722077054,0.0025884992458,0.001807569925,0.001850571343,0.0011672930051,0.0014501832851,0.0128120785,0.0142091476,0.00271661885,0.002265091612,0.002277056723,NA,"A",27
"12009",12008,"DPSCF300115",460001,470000,0.00127433910386,0.0027306137082,0.002299682651,0.001847104951,0.0015010166773,0.0015952506303,0.0102428492,0.0117392148,0.0025759465869,0.001809667201,0.0027130394964,0.0070365119,"A",6
"18582",18581,"DPSCF300252",130001,140000,0.00124152083076,0.0017822632324,0.001788234724,0.001845551945,0.0013671055269,0.0012289757165,0.0104615314,0.010550325,0.0028867189909,0.002314260762,0.00224872922266,NA,"A",22
"13870",13869,"DPSCF300147",360001,370000,0.001371348016,0.0024232041861,0.001906042023,0.001845115828,0.0013134546272,0.0014282828225,0.0106065853,0.0112810422,0.0030471894959,0.00245788667,0.00257919375096,0.00704149326,"A",16
"11950",11949,"DPSCF300114",390001,4e+05,0.000772110061,0.00676667543044,0.007014312613,0.00184380754,0.005457455129,0.0051958182161,0.0076956021,0.0054699345,0.0092954324519,0.009050797995,0.000942878372,0.00398057225,"A",16
"12393",12392,"DPSCF300121",60001,70000,0.0011455600899,0.0026396614868,0.001830617242,0.001843642451,0.001298327486,0.0016125135806,0.0119692222,0.0128065336,0.004125874245,0.003343590902,0.00343093689344,0.00541072845,"A",22
"3876",3875,"DPSCF300024",960001,970000,0.001335295057,0.0025135290456,0.0020207134483,0.001839072405,0.0014458768051,0.0014437246489,0.0110527393,0.0126104553,0.0037615709467,0.00319723578,0.00323070135586,0.0078820734,"A",9
"9784",9783,"DPSCF300082",770001,780000,0.0012533353,0.0023915850718,0.002115180551,0.001835535628,0.0015277019373,0.0015133128101,0.0101439481,0.0117745072,0.0029872218333,0.0023996999023,0.00274808186328,0.00496130877,"A",14
"20639",20638,"DPSCF300325",210001,220000,0.0010768265354,0.0028127705635,0.001873118819,0.001825351227,0.001360822236,0.0016936809817,0.0098285643,0.0110091478,0.0028318681312,0.002366881653,0.00272132322286,NA,"A",18
"13862",13861,"DPSCF300147",280001,290000,0.00113043042206,0.0024934661911,0.001786712581,0.001813407831,0.001028997578,0.0013024905547,0.0067065882,0.0085777761,0.0027373608742,0.002195940356,0.0021276521648,0.00232721838,"A",16
"22628",22627,"DPSCF300453",70001,80000,0.001171785268,0.0028831905096,0.002150551415,0.001812929393,0.001347997632,0.0016741206807,0.0077384561,0.0091156844,0.0032428143194,0.002494463393,0.0025307910645,NA,"A",2
"10432",10431,"DPSCF300090",730001,740000,0.0010375608523,0.0023633510552,0.002116212946,0.001811931601,0.00125425826841,0.0013689304056,0.0083252678,0.0099856189,0.0031888842626,0.002239812907,0.0023506131704,0.00786418042,"A",6
"17622",17621,"DPSCF300228",200001,210000,0.0012290083037,0.0025192526206,0.002016681279,0.001807478464,0.0013387816022,0.0015733672255,0.0112944968,0.0113477093,0.003208688657,0.002329655909,0.00303822217166,0.010732264,"A",23
"21258",21257,"DPSCF300353",140001,150000,0.0008504310685,0.0018699853493,0.001585364373,0.0017994282632,0.0009547351605,0.0009850940896,0.0074274666,0.008947057,0.002220732089,0.001538421094,0.00195605106036,NA,"A",16
"4273",4272,"DPSCF300029",230001,240000,0.0012547731876,0.0029736056316,0.00238722877861,0.001794632962,0.001418813942,0.001652143784,0.0100692239,0.0117307169,0.002757306114,0.002030627624,0.00215094001,0.00525627677,"A",6
"12828",12827,"DPSCF300128",600001,610000,0.00103160080346,0.00285562682053,0.001802152378,0.001792920391,0.00118940644,0.0016335183868,0.0089769169,0.0103699346,0.003215696355,0.002340339318,0.0026918321414,0.00588613565,"A",9
"13509",13508,"DPSCF300140",490001,5e+05,0.0013038390437,0.0025547370185,0.001725099929,0.0017913286612,0.0011141046585,0.0014472973917,0.0109977942,0.0118705865,0.0034717204796,0.0023239593077,0.0027156369284,0.00504223682,"A",12
"7403",7402,"DPSCF300056",510001,520000,0.0015005444467,0.0025961363955,0.0018955262943,0.001791207927,0.001480566231,0.0017903445809,0.011956035,0.0133326772,0.0039016479796,0.0026907115501,0.0031615864637,0.00545163829,"A",25
"883",882,"DPSCF300006",1910001,1920000,0.001160654853,0.0023302850366,0.001996497825,0.001784330284,0.001461375728,0.0015082416506,0.0099747179,0.0109287568,0.0029875409588,0.002742136217,0.00270397020122,0.00475139835,"A",4
"3161",3160,"DPSCF300019",780001,790000,0.0012826199159,0.0021337779236,0.0017040050984,0.001780238385,0.0012903871439,0.0014054473472,0.0113933985,0.0122810444,0.0025458544414,0.002297573908,0.002887181493,0.0041850494,"A",18
"18622",18621,"DPSCF300253",210001,220000,0.0012113854185,0.0024392422854,0.002253273458,0.001779453461,0.001664284288,0.0015359068519,0.0116549369,0.0119300629,0.0027751368012,0.002356907123,0.00309622717486,NA,"A",17
"4015",4014,"DPSCF300026",290001,3e+05,0.000806618908,0.00185852476,0.0018328919754,0.001779261114,0.0010632684052,0.0010303942855,0.0086692247,0.0104967304,0.0028456754332,0.002647044805,0.0026303656159,0.00891554156,"A",3
"18277",18276,"DPSCF300243",160001,170000,0.00146116713324,0.0029558136216,0.002097332887,0.001777011137,0.0014880970576,0.001897284138,0.0111659255,0.0119026107,0.0030789158825,0.003030971062,0.00307334253686,NA,"A",12
"8481",8480,"DPSCF300067",670001,680000,0.0014234069,0.0029421041113,0.002096571894,0.001775916923,0.0013840619243,0.0016639812221,0.0102142788,0.0127699324,0.00379936515,0.002632421919,0.00343257687056,0.00441240988,"A",16
"20529",20528,"DPSCF300322",150001,160000,0.000647571463,0.0058410519102,0.0058878004609,0.001774508077,0.0043609624712,0.004273214549,0.0075450515,0.005651633,0.00934766383,0.008929465463,0.0009179725184,NA,"A",16
"14722",14721,"DPSCF300165",310001,320000,0.00113058783816,0.0021968112226,0.001644222216,0.001770790755,0.0012635343513,0.0014322590307,0.0097923002,0.0108352921,0.0026511596913,0.002320575045,0.00217769473576,0.00669203001,"A",26
"17626",17625,"DPSCF300228",240001,250000,0.0012141041095,0.0023119801418,0.002042705193,0.001767424893,0.0013194939297,0.0013267670101,0.0084868074,0.0104365993,0.0026999653798,0.002382114037,0.0028485685732,0.0086510393,"A",23
"19407",19406,"DPSCF300277",210001,220000,0.0010904766799,0.002332358318,0.001881173547,0.001765609563,0.0012539486139,0.0012443558948,0.0106659269,0.0130150308,0.002295130643,0.002363862435,0.00290774083371,NA,"A",22
"13964",13963,"DPSCF300149",230001,240000,0.00109915725828,0.0026436816614,0.002142276339,0.001762610341,0.001314374194,0.0014647843336,0.0092054878,0.0105104543,0.0030336777112,0.002140219224,0.002424593915,0.0072775817,"A",4
"6097",6096,"DPSCF300043",350001,360000,0.0013070849423,0.0027185028778,0.0018685018359,0.001762541195,0.001456730983,0.001655357435,0.0112329592,0.0116947692,0.002927806174,0.002368294221,0.0032977389759,0.00760612351,"A",2
"2070",2069,"DPSCF300013",130001,140000,0.0015052747207,0.0029536810022,0.002539979423,0.001761760292,0.00176497711098,0.0017035517798,0.0120648271,0.0140137219,0.0032578422151,0.002842195746,0.00304241808286,0.00455391871,"A",12
"17423",17422,"DPSCF300223",200001,210000,0.0009690199122,0.0021379991319,0.002085618908,0.001761020574,0.001316252826,0.0012194659138,0.0088395545,0.0097627424,0.0029904846932,0.002303015143,0.0022762113569,0.0099194519,"A",2
"5296",5295,"DPSCF300037",720001,730000,0.0010137896486,0.0027972072082,0.002166450682,0.001760815298,0.0013662203298,0.0016376051604,0.0077944998,0.0094915012,0.0022956951627,0.001952323329,0.00256479416998,0.00676235756,"A",8
"22529",22528,"DPSCF300444",50001,60000,0.0012433153224,0.0019236610876,0.00164737093,0.001759258912,0.0012732079273,0.0012004495506,0.0099923008,0.0119457485,0.0031306875748,0.002404166832,0.0028683713102,NA,"A",17
"14714",14713,"DPSCF300165",230001,240000,0.00117002119625,0.002071227947,0.001633789973,0.001756201765,0.0012585346863,0.0015299437216,0.0104032903,0.0120098023,0.002901204739,0.002421733282,0.00254118823656,0.00569388223,"A",26
"5389",5388,"DPSCF300038",720001,730000,0.00110053045576,0.002339824181,0.00167414173436,0.001754678447,0.000985714998,0.0015745350122,0.010925267,0.0105228741,0.0029502785962,0.002120054973,0.00271311576272,0.00470267935,"A",9
"19616",19615,"DPSCF300285",140001,150000,0.00112414667446,0.002108835183,0.001630273029,0.001753107758,0.0012216116703,0.0015072995858,0.0094988936,0.011049017,0.00243317611,0.001902707328,0.002227257065,NA,"A",20
"17792",17791,"DPSCF300232",50001,60000,0.001212360118,0.0025050012514,0.001958108508,0.001752623183,0.0013630523835,0.001398987722,0.0099406534,0.0110098009,0.0027672408594,0.002197423402,0.0025915605318,0.00383104576,"A",15
"20112",20111,"DPSCF300302",20001,30000,0.0011789243213,0.0023953106429,0.001723464644,0.00175017481,0.0010617805562,0.001449984101,0.0094714215,0.0098359451,0.002909461198,0.002289203946,0.00275104472486,NA,"A",24
"8748",8747,"DPSCF300071",110001,120000,0.001269772127,0.002398975256,0.001781720311,0.001747393391,0.0013140776579,0.001528610445,0.009276916,0.0112045723,0.0031079138827,0.002284078742,0.0030280550108,0.0099967956,"A",14
"9076",9075,"DPSCF300074",190001,2e+05,0.00133431002162,0.0029152301676,0.002236932515,0.001744924641,0.0013380039678,0.0015699945646,0.0105208709,0.0124607823,0.0038829327778,0.003374107551,0.00339110835886,0.0070753351,"A",9
"14723",14722,"DPSCF300165",320001,330000,0.0011963800397,0.0021997279432,0.001956161988,0.001743757817,0.001460872954,0.0013574964651,0.0091933994,0.0110209131,0.0027887820009,0.002172878231,0.003185156219,0.00491738663,"A",26
"17180",17179,"DPSCF300218",320001,330000,0.0010357990728,0.0019762000577,0.00174737974,0.001743126495,0.001236060541,0.0012210263188,0.0085362584,0.0100803907,0.002764047442,0.001915682774,0.0024987658868,0.0037321372,"A",26
"21879",21878,"DPSCF300392",90001,1e+05,0.0012737080681,0.0023767313826,0.001809758674,0.001742463398,0.0013265085113,0.0014550217322,0.0105933988,0.0114836573,0.0041195723081,0.0034362219775,0.00271498010976,NA,"A",30
"2685",2684,"DPSCF300016",580001,590000,0.00131861834986,0.00307873663504,0.00222778218,0.001741415648,0.0016290532407,0.0019558984237,0.0109933977,0.0115418267,0.003756193209,0.002500474242,0.003451871077,0.006460053,"A",2
"18244",18243,"DPSCF300242",100001,110000,0.0010023600704,0.0019250875637,0.001538696879,0.0017395873232,0.00105892673,0.0011527561788,0.0099131804,0.0120836584,0.002500941439,0.002378408338,0.002255356055,NA,"A",28
"7264",7263,"DPSCF300055",40001,50000,0.00108550258694,0.0022578553396,0.001742764973,0.001737623031,0.001178972898,0.0011567684373,0.0086208727,0.0095163373,0.0027359411855,0.001947974438,0.0022688630338,0.00938650395,"A",15
"20557",20556,"DPSCF300322",430001,440000,0.0009724626365,0.0061251837568,0.006322255581,0.00173667273,0.004922214434,0.0046991228198,0.0084604358,0.0055915028,0.010568682817,0.010719433779,0.00101375342186,NA,"A",16
"13671",13670,"DPSCF300143",480001,490000,0.001150830932,0.0016911499454,0.00136782225196,0.001736576656,0.0011206458861,0.0011591551119,0.009901092,0.0108379065,0.0022508808723,0.001841429428,0.0022219578936,0.0107258096,"A",21
"2743",2742,"DPSCF300016",1160001,1170000,0.001168293859,0.00245380145904,0.001944031303,0.00172521030372,0.001369894165,0.0013287876225,0.0081703241,0.0093137233,0.0024513855679,0.001963911381,0.00233994236186,0.0028763277,"A",2
"19851",19850,"DPSCF300292",190001,2e+05,0.0013960032667,0.0023034295593,0.0020847745158,0.001723540037,0.0015927566459,0.001501938847,0.0148846057,0.0167692794,0.0019705581804,0.0016045974831,0.0018054717844,NA,"A",24
"9938",9937,"DPSCF300084",320001,330000,0.00129241359564,0.0028337260651,0.001948112874,0.001722766807,0.0013169320519,0.0016684882253,0.0105318611,0.0124653576,0.003351455751,0.002399081486,0.00272368811266,0.00539718502,"A",12
"11947",11946,"DPSCF300114",360001,370000,0.0011628629695,0.007518667014,0.007510040709,0.001721549152,0.0060115553881,0.0059225685665,0.0105934031,0.0079869269,0.010289402328,0.010300010929,0.00121136164,0.00239069566,"A",16
"6291",6290,"DPSCF300046",170001,180000,0.0008809475532,0.0018169216935,0.001687055842,0.001714775222,0.0010064135816,0.00106729501139,0.0076791153,0.0088176454,0.0027474819366,0.002173282244,0.002405387822,0.00379884581,"A",2
"9768",9767,"DPSCF300082",610001,620000,0.00113955249703,0.002754261989,0.002110025538,0.001714272261,0.0016903106503,0.0019239829834,0.0094175753,0.0102287566,0.0032645824424,0.002404507216,0.00315385919,0.0052964317,"A",14
"23188",23187,"DPSCF300536",20001,30000,0.0012011560087,0.0026824662752,0.002138109316,0.001714006075,0.0014320544029,0.0017202279598,0.0099263658,0.0097692783,0.003681345708,0.002879790148,0.0028870045417,NA,"A",2
"5131",5130,"DPSCF300036",20001,30000,0.001069260713,0.0021293390046,0.001662983286,0.00171392817,0.001015684286,0.0012134545257,0.0079560382,0.0089692785,0.0026204485045,0.002022965285,0.0022006079152,0.00500299471,"A",2
"17802",17801,"DPSCF300232",150001,160000,0.0012975988954,0.0021878770877,0.0019856080096,0.001713504466,0.0014194657478,0.0014503542635,0.010517575,0.0102568608,0.003015468952,0.00228566891,0.0025997131667,0.00432554988,"A",15
"16222",16221,"DPSCF300195",200001,210000,0.0011979533847,0.0023712426996,0.001963105785,0.001712171353,0.001169307136,0.0012168307189,0.0106571353,0.0125548996,0.0027103688657,0.0025427933655,0.00192928807986,0.00810243281,"A",4
"840",839,"DPSCF300006",1480001,1490000,0.00105118316594,0.0021954934106,0.001880605898,0.001711951514,0.001296785123,0.0014899716338,0.0092043899,0.0098006511,0.0029802303047,0.002126388048,0.0025134891783,0.0058220794,"A",4
"15478",15477,"DPSCF300178",280001,290000,0.00116285330986,0.002706812135,0.001571695651,0.00171169911,0.0008872245558,0.0014843419676,0.0084109835,0.0093875798,0.001969363496,0.001956602362,0.00220823402286,0.0042715783,"A",10
"19217",19216,"DPSCF300271",320001,330000,0.00122143917574,0.0023934487107,0.00183988593,0.00171079888,0.001374897893,0.0015105115065,0.0085021912,0.010014375,0.0029614463945,0.002072839861,0.00230702057,NA,"A",24
"5749",5748,"DPSCF300041",1040001,1050000,0.00139249025371,0.002976489669,0.002221936388,0.001710768342,0.001406942247,0.0017165879015,0.0101472454,0.0115921545,0.0030063613,0.002647748798,0.00262337644826,0.00424007286,"A",4
"18613",18612,"DPSCF300253",120001,130000,0.0014965399622,0.0025135780938,0.002410009215,0.001709101872,0.0015728929179,0.0014557457833,0.0106351569,0.0103071877,0.002522335362,0.002195520179,0.00220352616986,NA,"A",17
"14229",14228,"DPSCF300154",130001,140000,0.00100640319279,0.00214077394717,0.001822982518,0.001708447663,0.001427637243,0.0014114138817,0.0112153763,0.0111254869,0.002788914198,0.002504469157,0.0026847114499,0.0102767272,"A",9
"11423",11422,"DPSCF300106",200001,210000,0.00104800650046,0.0024248202116,0.002016663338,0.001707866873,0.00116048402948,0.0013427386695,0.0089362579,0.0100333313,0.00292855893,0.002245843244,0.00243292456972,0.00518406022,"A",9
"16046",16045,"DPSCF300191",670001,680000,0.0013437716935,0.002612965058,0.002086128471,0.001706400149,0.0014875651443,0.0016221985742,0.0107131791,0.0122816962,0.0031085957405,0.002310556803,0.0027585219833,0.0043249636,"A",5
"2714",2713,"DPSCF300016",870001,880000,0.0012313168147,0.0021740978485,0.001702020403,0.001705637387,0.001079973466,0.0012324953271,0.008546148,0.0095313716,0.0028636534249,0.001991101022,0.00261856074376,0.00635312235,"A",2
"4034",4033,"DPSCF300026",480001,490000,0.00127828095634,0.0023252989117,0.001846585653,0.001704634296,0.0012472388939,0.0013984137364,0.009927466,0.012104573,0.0023690807531,0.001782561033,0.00237592603,0.0035126171,"A",3
"6863",6862,"DPSCF300051",270001,280000,0.001151215463,0.0025899574632,0.002381908255,0.001702598582,0.00160417804,0.0014437729081,0.0096131803,0.0098980378,0.0026946923225,0.002096133012,0.003474907987,0.0119077754,"A",7
"168",167,"DPSCF300002",1670001,1680000,0.00101173967914,0.0030613826696,0.0025674367,0.001701748809,0.0016968691552,0.0019089753955,0.0102538385,0.0107633971,0.0029422417221,0.002317865604,0.002997264141,0.0032366347,"A",2
"10933",10932,"DPSCF300098",280001,290000,0.0014649061955,0.0026476880657,0.002093390136,0.001699992296,0.0015896785844,0.001634265088,0.0122241668,0.0140130695,0.003349167982,0.002425826719,0.0028928851885,0.00505686792,"A",16
"18166",18165,"DPSCF300239",230001,240000,0.0012670370933,0.0019629860489,0.001644098166,0.0016978633072,0.001265341709,0.0013337265673,0.010731861,0.010560781,0.0027748548875,0.002346611259,0.0028198408019,NA,"A",20
"3241",3240,"DPSCF300020",400001,410000,0.001266332457,0.0023541628532,0.001908263788,0.001697182095,0.0013985896556,0.0015667328085,0.0087659277,0.010831371,0.0030000181463,0.002702631428,0.00262308205,0.00517117102,"A",17
"11928",11927,"DPSCF300114",170001,180000,0.00088391995028,0.0085030080636,0.008973228382,0.001695781571,0.007097882182,0.0066958211085,0.0105736226,0.0075130712,0.01336883286,0.013066073408,0.000879529517,0.0105417796,"A",16
"20697",20696,"DPSCF300328",120001,130000,0.0012968040037,0.0022370212584,0.001678888615,0.001694478156,0.001243488549,0.0013674000924,0.0093340597,0.0115013039,0.002934500314,0.002143894637,0.00232241970316,NA,"A",21
"10431",10430,"DPSCF300090",720001,730000,0.001750994062,0.00281315447054,0.002136437522,0.001694048561,0.001464191873,0.0017723547448,0.0104428495,0.01194052,0.003907224247,0.002773061944,0.0029881365379,0.00596101292,"A",6
"4867",4866,"DPSCF300034",100001,110000,0.0013446152318,0.00244862292314,0.002109113373,0.001693847922,0.0015482281073,0.0016051484232,0.0116384536,0.0125732008,0.0032548178624,0.00242726166,0.002816922484,0.00612868722,"A",19
"14006",14005,"DPSCF300150",10001,20000,0.001044384665,0.00260403637393,0.001971999277,0.001689320559,0.0012616199986,0.0014644392305,0.0094593334,0.0113235283,0.0032819116894,0.00260292635,0.0026235086988,0.0064788326,"A",9
"17022",17021,"DPSCF300214",100001,110000,0.00128322559964,0.0029167012479,0.002281287695,0.001689200685,0.001569564686,0.0017320195831,0.0105450469,0.0115130695,0.003089575623,0.002723420271,0.003156866205,0.00610925696,"A",21
"13981",13980,"DPSCF300149",400001,410000,0.001140309391,0.0026234570695,0.001937189288,0.001686604411,0.0012088247413,0.0014181077637,0.0109406516,0.0120169904,0.0032548254098,0.002642743867,0.0029741249753,0.00435171662,"A",4
"14478",14477,"DPSCF300160",160001,170000,0.00129235358476,0.0028178048763,0.002037783317,0.001686130204,0.001590698633,0.0019049211495,0.0109186731,0.0126405222,0.003312894856,0.002634934315,0.0035648120709,0.00931190306,"A",14
"20115",20114,"DPSCF300302",50001,60000,0.001142117296,0.0018883860621,0.001701925914,0.001686107896,0.0012800952049,0.0012469818694,0.0083868074,0.0089549005,0.0026562288189,0.002488264361,0.00258048511356,NA,"A",24
"18162",18161,"DPSCF300239",190001,2e+05,0.001057624262,0.0026164539807,0.002377383569,0.001685824408,0.001740000444,0.0017338466263,0.009701092,0.0110705863,0.0032923241391,0.002618037183,0.0026730206369,NA,"A",20
"4740",4739,"DPSCF300033",110001,120000,0.0012596626894,0.0024758538387,0.002004075986,0.001685002617,0.0013626441843,0.0016507581684,0.0115164761,0.0120346393,0.0030225514357,0.002346374515,0.00292637574076,0.00425370561,"A",18
"16138",16137,"DPSCF300193",90001,1e+05,0.00116508564004,0.0026035121106,0.00163521554,0.001684693812,0.0011272497247,0.0016191141712,0.0101604313,0.0108836573,0.0030849366849,0.002414689465,0.0026965643479,0.00488066135,"A",10
"5765",5764,"DPSCF300041",1200001,1210000,0.0011943876257,0.0025229346176,0.001979654942,0.00168266711,0.0012452384514,0.0014072674176,0.0095966964,0.0106241809,0.003121376606,0.002271383983,0.0025902607068,0.0027814562,"A",4
"19466",19465,"DPSCF300280",30001,40000,0.00126642405996,0.0019801089716,0.001555265409,0.001680942606,0.0009592793324,0.0012180998055,0.0098681253,0.0112235271,0.0033389006071,0.002449323395,0.002406472857,NA,"A",19
"10976",10975,"DPSCF300098",710001,720000,0.0012383557846,0.0021986387721,0.001984447392,0.001680614579,0.001338873011,0.0013955491379,0.0095197736,0.0105464035,0.002895326254,0.002658803186,0.0029917015872,0.0073165844,"A",16
"11991",11990,"DPSCF300115",280001,290000,0.0013849838667,0.0023185578448,0.0017736293,0.001680254572,0.001172305898,0.0014278480545,0.0105890037,0.0122764669,0.0035236704628,0.0023557182094,0.0026912548824,0.00583923155,"A",6
"8703",8702,"DPSCF300070",590001,6e+05,0.001134760868,0.0021737529813,0.001749830587,0.001679591566,0.0011237570323,0.0013665228021,0.0088461473,0.0099679708,0.002951856547,0.001955513175,0.0024543688814,0.00980325195,"A",14
"20556",20555,"DPSCF300322",420001,430000,0.0007076894917,0.0061098908266,0.00640728195,0.001678685416,0.004853057771,0.0046703641262,0.0081571394,0.0059588223,0.008108344055,0.00804302937,0.001106877971,NA,"A",16
"1057",1056,"DPSCF300008",190001,2e+05,0.0011537656149,0.0019938731689,0.001443363457,0.001676759838,0.0009269070877,0.0011889053805,0.0098527409,0.0111535928,0.002519029486,0.001766591263,0.0021358743271,0.00583991213,"A",18
"10313",10312,"DPSCF300089",160001,170000,0.0013785119673,0.0019979428195,0.001723159413,0.00167554976,0.0012527824283,0.0011428128789,0.008415378,0.0104960765,0.0029437091224,0.003142932089,0.002342760064,0.00625500976,"A",3
"16648",16647,"DPSCF300205",90001,1e+05,0.001307332307,0.0022737453616,0.001897419192,0.001674501658,0.0014305297279,0.0015032024156,0.0123692226,0.0124241816,0.00352589267798,0.002292194173,0.00253318572262,0.00472327871,"A",8
"9729",9728,"DPSCF300082",220001,230000,0.001361629127,0.002643936159,0.001971144737,0.001672094606,0.0015518182415,0.0017573873026,0.0093351574,0.010551632,0.0029808562241,0.0027220716301,0.0035351058631,0.00453346312,"A",14
"1683",1682,"DPSCF300010",2710001,2720000,0.00099333363284,0.0018367579836,0.001546142357,0.001670729062,0.001083698827,0.0010610133389,0.0070966979,0.0074398669,0.002736609448,0.001855063553,0.00215872694976,0.00539424836,"A",4
"1055",1054,"DPSCF300008",170001,180000,0.00117522989264,0.0024355767927,0.001868842502,0.001670372626,0.0011525980656,0.0012371378989,0.0078890046,0.0097529385,0.003159694025,0.0022178416968,0.00226540545462,0.00603016636,"A",18
"14274",14273,"DPSCF300155",150001,160000,0.0012398184454,0.0023743305788,0.001990267083,0.001669723159,0.0012256563661,0.0014360895852,0.009621971,0.010816992,0.0026659845129,0.001982851223,0.002097620758,0.005042542,"A",24
"21825",21824,"DPSCF300389",60001,70000,0.00098456687748,0.0020860144744,0.001597443502,0.0016693582768,0.001155904842,0.0013185029689,0.0104362556,0.0107542456,0.0027836495597,0.00261557309,0.0028768683416,NA,"A",20
"17922",17921,"DPSCF300234",330001,340000,0.0015701485379,0.0026690898368,0.002034352836,0.001669082957,0.001413597695,0.0016544566526,0.0103505407,0.0113764661,0.0040859569539,0.003103482799,0.0031658167748,0.00554934998,"A",20
"17081",17080,"DPSCF300216",30001,40000,0.0016002841139,0.0021822860112,0.001986446158,0.00166878921,0.0014636809292,0.0013714634605,0.0109725203,0.0125993441,0.0038423904337,0.002536962136,0.00333519808866,0.00609766785,"A",23
"2545",2544,"DPSCF300015",480001,490000,0.0013954837927,0.002617558014,0.0020507020138,0.001667094804,0.0014033580586,0.0014170088986,0.010640652,0.0116477102,0.0028331538271,0.0021728682033,0.0024732029469,0.0053788144,"A",9
"3517",3516,"DPSCF300022",450001,460000,0.00103657858956,0.00170942714,0.001526353196,0.001666049767,0.0010091080013,0.0010749360827,0.0091714221,0.0102267963,0.002130004552,0.001925751967,0.0021831131622,0.00495155696,"A",19
"8782",8781,"DPSCF300071",450001,460000,0.0014799099152,0.0027096025522,0.0019006939895,0.001664865695,0.001586955981,0.0018242043318,0.0128977942,0.0140189518,0.00251265758535,0.002473697548,0.00299652327676,0.0091683566,"A",14
"16086",16085,"DPSCF300192",20001,30000,0.0009863919082,0.002049281602,0.001586179288,0.001664825087,0.001051103685,0.0011504751227,0.008042852,0.0095209134,0.00245288771978,0.0018551615603,0.002303196464,0.0039471582,"A",4
"12339",12338,"DPSCF300120",30001,40000,0.0014182576104,0.0024690142317,0.002067451603,0.001663346511,0.001323689339,0.0014614589455,0.0108329596,0.0123143767,0.0032092026826,0.002847996115,0.0027568028289,0.00564907136,"A",2
"18925",18924,"DPSCF300262",340001,350000,0.000942363974,0.0022856978875,0.001434617023,0.001662818478,0.001076130192,0.00132384243,0.0071604344,0.0091300636,0.00283714822166,0.001855214517,0.00214295825126,NA,"A",14
"6641",6640,"DPSCF300048",1870001,1880000,0.00124587494244,0.0025696743922,0.001972799075,0.001662559038,0.0013977552774,0.0016239639258,0.0116824095,0.0123849654,0.002797783184,0.002170116341,0.0026042499029,0.00485963887,"A",15
"10426",10425,"DPSCF300090",670001,680000,0.001164940036,0.0027099705775,0.0026919207899,0.001662020013,0.001659421153,0.0015821802522,0.0096791139,0.0103745084,0.0029060391829,0.0030872289106,0.0025692467375,0.00848625098,"A",6
"8296",8295,"DPSCF300065",260001,270000,0.0014004153666,0.0022563395497,0.002053315164,0.001661327382,0.0014510997353,0.0015282941401,0.0111362551,0.0115490175,0.0041701668461,0.002103298084,0.002756893259,0.005797823,"A",3
"6131",6130,"DPSCF300043",690001,7e+05,0.0010572463025,0.0021310651016,0.001787239833,0.001660232365,0.001107180941,0.0012073993533,0.0095813122,0.0104169911,0.003006403602,0.002588785745,0.00235555330926,0.00523661176,"A",2
"20824",20823,"DPSCF300333",130001,140000,0.0013987129441,0.0024708269891,0.001846412181,0.001659588892,0.0013405542289,0.0015436044678,0.0093274654,0.0107627431,0.0034879434835,0.002755100859,0.0029235999229,NA,"A",19
"14835",14834,"DPSCF300168",290001,3e+05,0.0012727728955,0.0019603676091,0.001560188325,0.001658890938,0.0012261882606,0.0012483652348,0.0088901034,0.008977776,0.0031080145603,0.0023337629221,0.00230850737776,0.00496493112,"A",4
"13670",13669,"DPSCF300143",470001,480000,0.0009334469271,0.0022053493526,0.00174226395,0.001658598486,0.001063723403,0.0012530517855,0.0074604346,0.0085385613,0.002244688905,0.001589392487,0.0019137160854,0.00669504885,"A",21
"3243",3242,"DPSCF300020",420001,430000,0.0010911507161,0.0027863206222,0.002105241151,0.001657945207,0.0012938450701,0.0015809574469,0.0085802124,0.0106013044,0.002861021126,0.002034213075,0.0028408130015,0.00343760436,"A",17
"14078",14077,"DPSCF300150",730001,740000,0.0012357137627,0.0025960706986,0.002032551574,0.001656908143,0.001237375021,0.0014273968248,0.0091164764,0.0106915003,0.0030889096271,0.003043884845,0.00289802561436,0.00456693889,"A",9
"16092",16091,"DPSCF300192",80001,90000,0.00114088691584,0.0019558933041,0.001664357885,0.001655489495,0.0012508233795,0.0012426154573,0.0106835085,0.0107509786,0.0030375099291,0.002547693417,0.00249740870776,0.0041441075,"A",4
"13564",13563,"DPSCF300141",310001,320000,0.001160355456,0.0019465082042,0.00156393126,0.0016549434652,0.001171416006,0.0011726173911,0.00857362,0.0095581669,0.0024493642581,0.001870105479,0.002269197871,0.00328046166,"A",9
"14458",14457,"DPSCF300159",360001,370000,0.0013329839842,0.002507627333,0.002153548576,0.00165400716,0.0015422008806,0.0017541765593,0.0123131787,0.0124967293,0.0033779623378,0.002683497594,0.0028888865363,0.010250073,"A",22
"9797",9796,"DPSCF300082",900001,910000,0.0012239303743,0.0028242419984,0.002083996134,0.00165331115,0.001418888347,0.0017039511966,0.0085439497,0.0096267959,0.002655327363,0.00204129589,0.002405661512,0.0075970134,"A",14
"20755",20754,"DPSCF300330",130001,140000,0.00127335823463,0.002565367704,0.002246766165,0.001653253975,0.0015573511263,0.0014771482748,0.0107351566,0.0122522853,0.0029074840611,0.0023506536171,0.00283643897416,NA,"A",21
"21408",21407,"DPSCF300360",60001,70000,0.0009973760244,0.0027027537178,0.002106481902,0.001653169689,0.0012527479943,0.0016502746085,0.009328564,0.0100372541,0.002451105531,0.0020085373,0.00260979211,NA,"A",19
"11938",11937,"DPSCF300114",270001,280000,0.000871452874,0.0059591288592,0.006388065925,0.0016526957812,0.005292159619,0.0048394304491,0.00875604,0.0065954235,0.007884004781,0.008683369529,0.001322333954,0.0106186089,"A",16
"7266",7265,"DPSCF300055",60001,70000,0.00131698754545,0.002414746668,0.0020710975812,0.001652622228,0.0014789663001,0.0013153254523,0.0091582348,0.011492155,0.0025399969782,0.00224153608,0.0026438698879,0.00468613542,"A",15
"1524",1523,"DPSCF300010",1120001,1130000,0.001053482927,0.0020820173992,0.001455099682,0.001652049881,0.0009390722111,0.0011162554403,0.0083153783,0.0085986899,0.0026070846479,0.002383792932,0.00236786951076,0.0119224131,"A",4
"17763",17762,"DPSCF300231",470001,480000,0.000936875316,0.002033149626,0.0014741862422,0.001651080317,0.0011359544463,0.0012732333325,0.0081538401,0.0089503248,0.0023216284265,0.0019087941688,0.002010942868,0.00345727126,"A",7
"20623",20622,"DPSCF300325",50001,60000,0.001002442454,0.0022077148736,0.0019947200313,0.001650941141,0.0014013961214,0.0012590473092,0.009106587,0.0102653576,0.002126104776,0.002074270867,0.00220852994972,NA,"A",18
"11816",11815,"DPSCF300112",200001,210000,0.000872240812,0.001772566881,0.001688356582,0.001650768708,0.0009028596626,0.0009830591197,0.0075208737,0.0085751617,0.002103869417,0.001452613301,0.00152776845756,0.00408754891,"A",4
"18353",18352,"DPSCF300245",380001,390000,0.0011205357554,0.0018565563769,0.001451598255,0.001649277309,0.0010960339958,0.0011253799549,0.0087857084,0.0095849649,0.002268336108,0.001458061575,0.0020159435734,NA,"A",11
"20562",20561,"DPSCF300322",480001,490000,0.001032587538,0.0065407855152,0.006760796541,0.001647749194,0.005377397711,0.0052303889677,0.0094582382,0.0061928095,0.008008999888,0.008062176609,0.0011291465464,NA,"A",16
"19627",19626,"DPSCF300286",30001,40000,0.0010615084256,0.0026635668198,0.002231299503,0.001647121933,0.0014871709586,0.0015593174125,0.0109186731,0.012301306,0.002940775488,0.0023031882,0.00305134342336,NA,"A",22
"13203",13202,"DPSCF300135",50001,60000,0.00113640040226,0.0023460802316,0.001857805617,0.001646541908,0.0012971437196,0.0014172731908,0.0091769162,0.0098307167,0.0027873556061,0.002127681559,0.0024943212617,0.00493437216,"A",2
"6419",6418,"DPSCF300047",510001,520000,0.001054880153,0.0023162102616,0.0019897237524,0.001644800211,0.001323949276,0.0014057586631,0.0109604327,0.0127235273,0.002654735573,0.001990916584,0.0028482207964,0.00561875195,"A",16
"5541",5540,"DPSCF300039",880001,890000,0.001198803247,0.0027923402582,0.002491066404,0.001644490215,0.001546933632,0.0015633509747,0.0083197739,0.0098418281,0.0024642656739,0.002521118845,0.002221097861,0.01140691405,"A",7
"9111",9110,"DPSCF300074",540001,550000,0.0012506855541,0.002340270592,0.001677299157,0.001640080783,0.0011270780233,0.0013708697774,0.0091912024,0.0097313705,0.0032728605551,0.00248934819,0.00261993049306,0.0060688256,"A",9
"9965",9964,"DPSCF300084",590001,6e+05,0.00102817396702,0.0021701532968,0.001599593404,0.001639635038,0.0010241167225,0.0011070210674,0.0090098829,0.0104836581,0.002803232117,0.0023095820847,0.0020140897525,0.00958285674,"A",12
"16403",16402,"DPSCF300198",180001,190000,0.0010052370997,0.0020951973529,0.0017183444988,0.001638901806,0.0011636269612,0.0012803071578,0.0094428498,0.0095764678,0.0025129468441,0.0019893702296,0.0019623523043,0.00685369466,"A",24
"784",783,"DPSCF300006",920001,930000,0.0011234794785,0.001841577312,0.001720671806,0.001636925095,0.0011866072805,0.0011669559235,0.0088538402,0.0099712411,0.00242210135,0.002284565793,0.002569014659,0.0052328247,"A",4
"1602",1601,"DPSCF300010",1900001,1910000,0.0012191525114,0.0026696712801,0.0017790556733,0.0016363834642,0.00120072647,0.0015904043332,0.008509883,0.0098581671,0.002663617799,0.00198933212,0.002350443659,0.00335194036,"A",4
"22064",22063,"DPSCF300406",50001,60000,0.0010112644738,0.0018786446201,0.0015573524614,0.001636222742,0.0010691752783,0.0012407804859,0.0087582348,0.0089098022,0.0029648230088,0.001975940151,0.0027429461373,NA,"A",15
"22471",22470,"DPSCF300438",20001,30000,0.001103000061,0.0017971585914,0.001703386186,0.001634218555,0.0012401195657,0.0011817980494,0.0087879058,0.0097196063,0.0027915342912,0.002537803773,0.0025170837084,NA,"A",28
"2836",2835,"DPSCF300017",740001,750000,0.00140714836264,0.0024220126636,0.002129695116,0.00163420513,0.001530255521,0.0014203320869,0.009731861,0.0110921548,0.0030967021809,0.002761223547,0.002869882488,0.00387429935,"A",6
"13982",13981,"DPSCF300149",410001,420000,0.001221066854,0.0026485761395,0.0020736700984,0.0016336585842,0.0014899454541,0.0016343390276,0.0097527399,0.0113758134,0.0031430202362,0.0023548982,0.0029800618715,0.0065593581,"A",4
"11026",11025,"DPSCF300099",380001,390000,0.0012030285199,0.00217253695377,0.001874549159,0.0016332566422,0.0014819215908,0.0014469427909,0.0094923002,0.0105365986,0.0026827485795,0.0023102396191,0.002576535478,0.0118551658,"A",8
"17186",17185,"DPSCF300218",380001,390000,0.001493108044,0.0020969397976,0.001583086141,0.00163294473,0.00125198259,0.0014263973882,0.0114351573,0.0122732006,0.0030165884517,0.002567094999,0.00283552003136,0.00922728692,"A",26
"7142",7141,"DPSCF300053",1150001,1160000,0.0010372241854,0.0025131426249,0.001985595342,0.001632353135,0.0015978196907,0.0017406819144,0.0075890056,0.0090908485,0.00311947706659,0.002364114399,0.0038976470764,0.00635768995,"A",8
"2547",2546,"DPSCF300015",500001,510000,0.00102800429585,0.0019319399204,0.001536950979,0.001630315775,0.001130482944,0.0012104238691,0.009202191,0.0095117631,0.002542829898,0.002056923707,0.00240610449026,0.0077933,"A",9
"5666",5665,"DPSCF300041",210001,220000,0.0012974652054,0.0023606091296,0.001972261173,0.001629679229,0.0014513002225,0.0015827117637,0.0105659279,0.0118013051,0.0031688454598,0.002442282106,0.0028008094432,0.00501063061,"A",4
"12010",12009,"DPSCF300115",470001,480000,0.00120919770085,0.0022812524487,0.001809187798,0.001628793993,0.0013584179049,0.0015086723094,0.0118868057,0.0129692779,0.0029568709476,0.002520751523,0.0026450755839,0.00826580993,"A",6
"17514",17513,"DPSCF300225",10001,20000,0.00134683589746,0.0021773658217,0.0018371019839,0.0016283221192,0.001262219684,0.0013501508772,0.0090285651,0.0100986904,0.003152648966,0.002361081072,0.00256452681226,0.00782008141,"A",2
"14787",14786,"DPSCF300167",210001,220000,0.001234708485,0.0021818148766,0.001811058423,0.001628213203,0.001339607735,0.0012467982869,0.0083999951,0.0099947678,0.0026297273123,0.00212943212,0.0022113163109,0.00430854001,"A",10
"8634",8633,"DPSCF300069",600001,610000,0.0013873619622,0.0022068916163,0.001945668292,0.001627717056,0.0015940960249,0.001402435722,0.0113175756,0.012967971,0.0033573598638,0.002710764308,0.003032200675,0.00807420477,"A",28
"18002",18001,"DPSCF300235",480001,490000,0.0011943785898,0.0019039100485,0.001533258301,0.00162711555,0.0011038989023,0.0012751828879,0.0094461467,0.010441829,0.0029327067625,0.002277202774,0.0023383603494,NA,"A",15
"2188",2187,"DPSCF300013",1310001,1320000,0.0009920102676,0.0021734759582,0.001906670126,0.001626960416,0.0011242257482,0.0011621929119,0.0106604334,0.0124235274,0.0028488257504,0.002453368437,0.0028308563028,0.0049394415,"A",12
"4253",4252,"DPSCF300029",30001,40000,0.0013807699324,0.0026915826518,0.002377795115,0.001626841857,0.0016318165419,0.0015729159322,0.0105527394,0.011885618,0.0031097817037,0.002132105536,0.0032897270668,0.006662729,"A",6
"191",190,"DPSCF300003",70001,80000,0.00088726762014,0.001448775066,0.00131636139,0.001626346952,0.00094775375408,0.0008779227307,0.0075362587,0.0079071883,0.0022469621869,0.001854260562,0.001853806111,0.00566362995,"Z_anc",31
"11030",11029,"DPSCF300099",420001,430000,0.00145498693534,0.0025749972523,0.0019040959474,0.001625512408,0.0013569055916,0.0016217788854,0.0106868057,0.0111869266,0.002921205457,0.002167253298,0.00270000810316,0.00999071845,"A",8
"14541",14540,"DPSCF300161",60001,70000,0.0012930209525,0.0027449659456,0.002080713556,0.001625300682,0.001491222926,0.001706445967,0.0105571347,0.0112104552,0.003184336218,0.002491422871,0.0028386566257,0.00208673521,"A",8
"15298",15297,"DPSCF300176",140001,150000,0.00135381508765,0.0027195446858,0.002157128017,0.001624696006,0.001635425295,0.0017866312043,0.0118582345,0.0129405211,0.0026331412847,0.0021868739044,0.0027460883534,0.00534709746,"A",5
"3238",3237,"DPSCF300020",370001,380000,0.001193650353,0.0023899245876,0.0017744795575,0.001623310384,0.001298570537,0.0015066435845,0.0100824107,0.0108143773,0.002577943449,0.00212606128,0.0022048020054,0.0032310625,"A",17
"18050",18049,"DPSCF300236",410001,420000,0.0014173784189,0.0022620422142,0.0016946026824,0.0016205270302,0.001218245603,0.0013540293591,0.0104439476,0.0115738537,0.0027538577272,0.002213863079,0.002662489243,NA,"A",16
"14269",14268,"DPSCF300155",100001,110000,0.00110259699175,0.0023255485286,0.001768181051,0.001620505187,0.0011480954773,0.001369201626,0.0095857078,0.0102078412,0.0031133714903,0.00254344829,0.00263775153036,0.0109793531,"A",24
"3872",3871,"DPSCF300024",920001,930000,0.0010373803564,0.0021532890401,0.001826152903,0.001620162012,0.0012195865493,0.0013096930556,0.0088175762,0.0096941157,0.0028701986432,0.0020997470915,0.00260582164952,0.00658800931,"A",9
"15122",15121,"DPSCF300173",340001,350000,0.000879549575,0.0021514063356,0.001276689607,0.001618799971,0.000786583242,0.001157074054,0.0063010948,0.0083692794,0.0028706889963,0.001573735231,0.0018428791789,0.00381746606,"A",15
"11444",11443,"DPSCF300106",410001,420000,0.0011705517559,0.0025679750264,0.001982996922,0.001618315292,0.0014362878,0.0015571715833,0.0097241687,0.010858821,0.003907005718,0.0025679093424,0.0034111058761,0.00418146034,"A",9
"1821",1820,"DPSCF300011",410001,420000,0.00122948297585,0.0024211085056,0.001906003053,0.001618198456,0.0012947758986,0.0014741849675,0.0082153779,0.010324834,0.0036198107257,0.003238881415,0.00335340437826,0.00255578756,"A",7
"8145",8144,"DPSCF300064",700001,710000,0.001549830419,0.002506123303,0.002210049116,0.001618168042,0.0015506977393,0.0015517902739,0.0108450467,0.011884965,0.0033509347751,0.002692540041,0.002674004455,0.00743686546,"A",11
"2694",2693,"DPSCF300016",670001,680000,0.00110949410996,0.002808931091,0.002354934899,0.001618056885,0.0017397570749,0.0018035675018,0.009861531,0.0105398673,0.002882257102,0.002019639088,0.00268264986826,0.00372043886,"A",2
"8985",8984,"DPSCF300073",200001,210000,0.0011555206664,0.0027129312566,0.00217135844,0.00161743682,0.0014852025183,0.00189196435,0.0106285651,0.0117575146,0.0032751077973,0.002567329926,0.002605133267,0.01006136066,"A",5
"16889",16888,"DPSCF300211",280001,290000,0.0011053551844,0.0022008053311,0.001603633545,0.001617351661,0.001026957964,0.0012926225082,0.0082966973,0.0101594753,0.0026889410421,0.001892052403,0.00244375394186,0.0054486748,"A",25
"13668",13667,"DPSCF300143",450001,460000,0.001087770421,0.0021855213624,0.001889866126,0.001616802678,0.001257394799,0.0013751699286,0.0099384547,0.011403266,0.0029925207436,0.002240949719,0.002066766895,0.0072730111,"A",21
"8583",8582,"DPSCF300069",90001,1e+05,0.0011203318214,0.0020362567867,0.001919194868,0.001616745162,0.0013692496069,0.0012292836838,0.0096329614,0.0097339856,0.0030494856288,0.002123625328,0.0022894399738,0.00506453832,"A",28
"18798",18797,"DPSCF300259",20001,30000,0.0012974576277,0.002609447523,0.002060731744,0.001615989151,0.0014105265778,0.0015473905776,0.00968241,0.0108372525,0.0034855436579,0.002960516279,0.0033009301959,NA,"A",28
"5718",5717,"DPSCF300041",730001,740000,0.00099276654604,0.0015777584735,0.0015397363,0.001615738898,0.000977198349,0.0008928188157,0.0060065891,0.0079039214,0.0026926698767,0.002586099479,0.00246923689076,0.0059403646,"A",4
"7351",7350,"DPSCF300055",910001,920000,0.00105511458764,0.0018150449469,0.001322560241,0.001615318312,0.000820898359,0.0010274147712,0.0101846096,0.0093947703,0.0037499635601,0.003564600776,0.003198967189,0.0026278088,"A",15
"12905",12904,"DPSCF300129",600001,610000,0.0017146933552,0.0027278682081,0.0017395023345,0.001614887898,0.0011874182863,0.00153151760381,0.0114142775,0.0131300624,0.0028629759678,0.002616597802,0.0026597563828,0.00459528701,"A",23
